threshold,recall
6,0.606097774662695
7,0.6661117925354827
8,0.7153320483616611
9,0.751042579288593
10,0.7802523217101804
11,0.8041878394953565
12,0.8251796039950937
13,0.843087436481514
14,0.8581566497284037
15,0.8712633607850009
16,0.8834764324513755
17,0.8940774487471527
18,0.9036796916067986
19,0.9129665323287192
20,0.9216576134571579
